Model,MCC,Accuracy,F1,MCC_SE,Accuracy_SE,F1_SE,MCC_Lower,MCC_Upper,Accuracy_Lower,Accuracy_Upper,F1_Lower,F1_Upper,Task
base_nli,0.6570272688454533,0.834374593257842,0.8303348600400543,0.006075324898835985,0.002999597559267333,0.0031350247034417295,0.6509519439466173,0.6631025937442893,0.8313749956985746,0.8373741908171094,0.8271998353366126,0.833469884743496,overall
large_nli,0.7188001128313171,0.8630743199271118,0.8599110355819053,0.005657002006085299,0.0028592163293485327,0.00297531859594113,0.7131431108252317,0.7244571148374024,0.8602151035977633,0.8659335362564603,0.8569357169859642,0.8628863541778464,overall
base_debate,0.8920876232715477,0.9478719250292854,0.9476700875943393,0.003660140457628927,0.0017783363159538598,0.0017932091348636368,0.8884274828139187,0.8957477637291766,0.9460935887133316,0.9496502613452392,0.9458768784594758,0.9494632967292029,overall
large_debate,0.9159113543255459,0.9593257841988806,0.9591803773569109,0.0032036254381241844,0.0015610500312585492,0.0015722862175623074,0.9127077288874218,0.9191149797636701,0.9577647341676221,0.9608868342301391,0.9576080911393485,0.9607526635744732,overall
base_modern,0.8777077642806328,0.9408434205388521,0.9408585015226899,0.00393306081249226,0.0018993421025136023,0.0018991004210467525,0.8737747034681406,0.881640825093125,0.9389440784363384,0.9427427626413657,0.9389594011016431,0.9427576019437367,overall
large_modern,0.9130685982295065,0.9580242092932448,0.9579867442175349,0.003298158834535516,0.0015901924546281076,0.0015923545421635875,0.9097704393949709,0.916366757064042,0.9564340168386167,0.9596144017478729,0.9563943896753714,0.9595790987596985,overall
llama,0.730997465715052,0.8623584537290121,0.8634672845967193,0.005246303694420681,0.0027503885766988925,0.0027068787024448334,0.7257511620206313,0.7362437694094727,0.8596080651523132,0.865108842305711,0.8607604058942745,0.8661741632991641,overall
sonnet,0.8159020948810487,0.9105167252375375,0.9094228660134336,0.004597367600848872,0.0022878060940263937,0.0023414852709451946,0.8113047272801999,0.8204994624818975,0.9082289191435111,0.9128045313315638,0.9070813807424883,0.9117643512843788,overall
base_nli,0.5385913687062713,0.7538407821229051,0.7531687541235159,0.014565051640991514,0.007981876414298249,0.008031804340978976,0.5240263170652798,0.5531564203472629,0.7458589057086068,0.7618226585372033,0.745136949782537,0.7612005584644949,event extraction
base_nli,0.5505689948243845,0.8580946035976016,0.8453609854350836,0.019257189194701204,0.006393874784652358,0.007417754016655213,0.5313118056296833,0.5698261840190857,0.8517007288129492,0.864488478382254,0.8379432314184284,0.8527787394517389,hatespeech and toxicity
base_nli,0.5307111976620402,0.7752853995593831,0.7702020368078792,0.012093043965800904,0.005855777933795199,0.0060998516838169205,0.5186181536962393,0.5428042416278411,0.7694296216255879,0.7811411774931784,0.7641021851240624,0.7763018884916961,stance detection
base_nli,0.8710006550529824,0.9352118926114932,0.9345499509937515,0.006886105438805511,0.0035931306501310587,0.003665246060421899,0.8641145496141769,0.8778867604917879,0.9316187619613622,0.9388050232616242,0.9308847049333296,0.9382151970541733,topic classification
large_nli,0.7230420582291559,0.852304469273743,0.8525987085599621,0.012212321023957506,0.0067725042692552756,0.006746912380506535,0.7108297372051984,0.7352543792531134,0.8455319650044878,0.8590769735429983,0.8458517961794556,0.8593456209404686,event extraction
large_nli,0.5535507476987201,0.8544303797468354,0.8481426215856527,0.019521799360857028,0.006853137944213845,0.007397901858408424,0.5340289483378631,0.5730725470595772,0.8475772418026216,0.8612835176910493,0.8407447197272443,0.8555405234440611,hatespeech and toxicity
large_nli,0.5850068195234642,0.7977168035249349,0.7894285525585683,0.010967265239499039,0.005541040862202712,0.005955181633450027,0.5740395542839651,0.5959740847629633,0.7921757626627322,0.8032578443871377,0.7834733709251183,0.7953837341920182,stance detection
large_nli,0.8964000277044216,0.9480807632571555,0.9476629799576863,0.006139347232209649,0.003174377945838688,0.0032231234506946782,0.890260680472212,0.9025393749366313,0.9449063853113169,0.9512551412029941,0.9444398565069917,0.950886103408381,topic classification
base_debate,0.7659225469239244,0.8784916201117319,0.8789344498439242,0.011207613909281797,0.005979977350452015,0.0059464926309727995,0.7547149330146425,0.7771301608332062,0.8725116427612799,0.8844715974621838,0.8729879572129514,0.884880942474897,event extraction
base_debate,0.8566442668307902,0.9506995336442372,0.950405145629025,0.011637820019097021,0.004047271242924276,0.004092201470717234,0.8450064468116932,0.8682820868498872,0.946652262401313,0.9547468048871615,0.9463129441583078,0.9544973470997422,hatespeech and toxicity
base_debate,0.9384035034702919,0.9701582215101141,0.9701351703587762,0.004939969856353252,0.002390980543916552,0.0023939105785813273,0.9334635336139386,0.9433434733266451,0.9677672409661976,0.9725492020540306,0.9677412597801949,0.9725290809373575,stance detection
base_debate,0.9293914161211119,0.9653871755047704,0.96535080588272,0.005516459407869581,0.0027071422851456155,0.0027129278476686574,0.9238749567132423,0.9349078755289815,0.9626800332196248,0.968094317789916,0.9626378780350514,0.9680637337303887,topic classification
large_debate,0.819048647393152,0.909217877094972,0.9094920656681634,0.010225071067945898,0.005190809156444525,0.005162745052668161,0.8088235763252061,0.8292737184610979,0.9040270679385275,0.9144086862514166,0.9043293206154953,0.9146548107208315,event extraction
large_debate,0.8825476198818316,0.9596935376415723,0.9593737351983551,0.010507317062896393,0.003605120267784098,0.0036638119176946003,0.8720403028189352,0.893054936944728,0.9560884173737881,0.9632986579093564,0.9557099232806605,0.9630375471160497,hatespeech and toxicity
large_debate,0.9690090406036594,0.9849789705587823,0.9849718566709788,0.003519660916750148,0.001708010163466929,0.0017098334732292507,0.9654893796869093,0.9725287015204096,0.9832709603953154,0.9866869807222491,0.9832620231977495,0.986681690144208,stance detection
large_debate,0.9244955573621866,0.9625027734635012,0.9623224470192067,0.0054932294434286814,0.002786373185076791,0.0028120910580518832,0.9190023279187579,0.9299887868056153,0.9597164002784244,0.965289146648578,0.9595103559611547,0.9651345380772586,topic classification
base_modern,0.7982879676613032,0.9008379888268156,0.9006969366959534,0.01156739934762943,0.005678821056738548,0.00568881383707164,0.7867205683136738,0.8098553670089326,0.8951591677700771,0.9065168098835542,0.8950081228588818,0.9063857505330251,event extraction
base_modern,0.8338224743415412,0.9413724183877415,0.9417642675166761,0.011481640704519161,0.004101138063211561,0.00404059808985185,0.822340833637022,0.8453041150460604,0.93727128032453,0.9454735564509531,0.9377236694268243,0.9458048656065279,hatespeech and toxicity
base_modern,0.890243670174124,0.9467254155818146,0.9467480031554345,0.006649575242472999,0.0032269237259813324,0.003223154679662562,0.883594094931651,0.896893245416597,0.9434984918558332,0.9499523393077959,0.9435248484757719,0.9499711578350971,stance detection
base_modern,0.9171867719112318,0.9593964943421345,0.9593323276892529,0.006060248770285901,0.002974040240927648,0.0029839067470017397,0.9111265231409459,0.9232470206815176,0.9564224541012069,0.9623705345830621,0.9563484209422511,0.9623162344362547,topic classification
large_modern,0.8640055967008871,0.9329608938547486,0.9329892499039261,0.009354874055839572,0.004615556962378557,0.004610628778976187,0.8546507226450475,0.8733604707567266,0.92834533689237,0.9375764508171271,0.9283786211249498,0.9375998786829023,event extraction
large_modern,0.8641671447029621,0.9526982011992006,0.9527480632674907,0.010892377141399255,0.0038321227549584337,0.003835339861103341,0.8532747675615628,0.8750595218443613,0.9488660784442421,0.956530323954159,0.9489127234063874,0.956583403128594,hatespeech and toxicity
large_modern,0.9309654795316369,0.966553174444222,0.9665323600268165,0.0052241640362035,0.0025339827241628214,0.002536897802737883,0.9257413154954334,0.9361896435678404,0.9640191917200591,0.9690871571683848,0.9639954622240786,0.9690692578295544,stance detection
large_modern,0.934889042371824,0.9680497004659419,0.9679980537095854,0.005341371174837287,0.002634731712589432,0.0026426852541107347,0.9295476711969868,0.9402304135466613,0.9654149687533524,0.9706844321785313,0.9653553684554746,0.9706407389636961,topic classification
llama,0.8082438057614253,0.9057262569832403,0.9054799037285587,0.010487865859224002,0.005156382401456855,0.005185369706460212,0.7977559399022013,0.8187316716206493,0.9005698745817834,0.9108826393846972,0.9002945340220985,0.9106652734350189,event extraction
llama,0.5590600707404788,0.782145236508994,0.7990667713397408,0.013940104911331488,0.007640175173898095,0.006795530420764457,0.5451199658291473,0.5730001756518103,0.7745050613350959,0.7897854116828922,0.7922712409189764,0.8058623017605052,hatespeech and toxicity
llama,0.6056089325083881,0.798117364310034,0.799650525311406,0.011004553950212572,0.005684039402284183,0.005608859930049158,0.5946043785581755,0.6166134864586007,0.7924333249077498,0.8038014037123182,0.7940416653813569,0.8052593852414551,stance detection
llama,0.918734477127822,0.9593964943421345,0.9595045706285824,0.005761939728494634,0.002909658197046264,0.0028941128784120865,0.9129725373993274,0.9244964168563166,0.9564868361450882,0.9623061525391807,0.9566104577501703,0.9623986835069945,topic classification
sonnet,0.7848378806669023,0.8809357541899442,0.8810631400029018,0.00985905254699761,0.006020853135414532,0.006018836342999101,0.7749788281199047,0.7946969332138999,0.8749149010545296,0.8869566073253587,0.8750443036599027,0.8870819763459008,event extraction
sonnet,0.571282181538718,0.8624250499666889,0.8536263709093089,0.01856799583662851,0.006296661699534878,0.006993633146623853,0.5527141857020895,0.5898501773753465,0.856128388267154,0.8687217116662238,0.8466327377626851,0.8606200040559328,hatespeech and toxicity
sonnet,0.7918826356793668,0.8992589625475665,0.8984146890782952,0.008873724860412152,0.004301797258860164,0.004374809773619851,0.7830089108189546,0.8007563605397789,0.8949571652887064,0.9035607598064267,0.8940398793046754,0.9027894988519151,stance detection
sonnet,0.946774699749963,0.9738185045484802,0.9737646096226698,0.004640478116728502,0.0023001897373063573,0.0023095665554573146,0.9421342216332345,0.9514151778666915,0.9715183148111738,0.9761186942857866,0.9714550430672124,0.9760741761781271,topic classification
base_nli,0.4964747537950312,0.7634730538922155,0.7599360144349001,0.01647323461552117,0.007852337401286696,0.008064446097561415,0.48000151917951,0.5129479884105523,0.7556207164909289,0.7713253912935022,0.7518715683373387,0.7680004605324615,PoliStance_Affect
base_nli,0.043096328281675506,0.5630498533724341,0.5558937046880907,0.05488992790668895,0.02670075834042487,0.027613958715436572,-0.011793599625013446,0.09798625618836446,0.5363490950320092,0.5897506117128589,0.5282797459726541,0.5835076634035273,PoliStance_Affect_QT
base_nli,0.5032714872080997,0.7073707370737073,0.6898785464012611,0.01623964422775272,0.011198436037116333,0.012403286378570601,0.48703184298034696,0.5195111314358524,0.696172301036591,0.7185691731108237,0.6774752600226905,0.7022818327798317,acled_event_entailment
base_nli,0.7601439452045016,0.8721389108129439,0.8691386188926491,0.016550560351078155,0.009735729465450987,0.010143965504374526,0.7435933848534234,0.7766945055555797,0.8624031813474929,0.8818746402783949,0.8589946533882745,0.8792825843970237,argument_quality_ranking_entailment
base_nli,0.8774333935131532,0.9361578641903656,0.9361365734997619,0.010430740634514659,0.005644946249859258,0.0056504809015944565,0.8670026528786385,0.8878641341476678,0.9305129179405064,0.9418028104402248,0.9304860925981674,0.9417870544013563,bill_summary_entailment
base_nli,0.686741517000442,0.8509803921568627,0.8515303868245044,0.04746666026959611,0.022594149212209924,0.02244247782330222,0.6392748567308458,0.7342081772700381,0.8283862429446528,0.8735745413690726,0.8290879090012022,0.8739728646478067,dehumanizing_hatespeech_entailment
base_nli,0.8720249600039565,0.9389987379049222,0.9381392242437072,0.010082320139494302,0.004958088856021958,0.005096160555401398,0.8619426398644622,0.8821072801434507,0.9340406490489002,0.9439568267609442,0.9330430636883058,0.9432353847991086,dem_rep_party_platform_topics
base_nli,0.4311839287839833,0.7390029325513197,0.7014028816510206,0.04730318326314205,0.02371455888029485,0.029031669618330334,0.3838807455208413,0.47848711204712535,0.7152883736710248,0.7627174914316145,0.6723712120326902,0.730434551269351,ibm_claimstance_entailment
base_nli,0.7979961941311898,0.9090909090909091,0.9050687672669814,0.02877923543948714,0.014547270414244055,0.015735432417271437,0.7692169586917027,0.826775429570677,0.894543638676665,0.9236381795051531,0.8893333348497099,0.9208041996842529,ibm_claimstance_topic_entailment
base_nli,0.2419887570912305,0.7105263157894737,0.8077244393033867,0.15245804709473834,0.07042057568086459,0.0522781254105221,0.08953070999649215,0.39444680418596884,0.6401057401086091,0.7809468914703382,0.7554463138928645,0.8600025647139088,polistance_issue_tweets
base_nli,0.6432681667724497,0.8346080305927343,0.8301828403373842,0.025133831227933917,0.011581352035803303,0.012138877735127392,0.6181343355445158,0.6684019980003836,0.8230266785569309,0.8461893826285376,0.8180439626022569,0.8423217180725115,scad_event_entailment
base_nli,0.3392837011570742,0.9340974212034384,0.9244342782651472,0.05257734199179327,0.00680251038090856,0.008306659531213623,0.2867063591652809,0.39186104314886744,0.9272949108225299,0.9408999315843469,0.9161276187339336,0.9327409377963609,targeted_hatespeech_entailment
base_nli,0.508766510223779,0.7809030347890451,0.7619295722834473,0.024607972593620665,0.01191531612658567,0.013758393614406365,0.48415853763015826,0.5333744828173996,0.7689877186624594,0.7928183509156308,0.7481711786690409,0.7756879658978536,violent_hatespeech_entailment
large_nli,0.5531023386823822,0.7880904856952761,0.7775615697460827,0.015157053225385202,0.007534849623353885,0.00821295198851826,0.537945285456997,0.5682593919077674,0.7805556360719221,0.79562533531863,0.7693486177575645,0.7857745217346009,PoliStance_Affect
large_nli,-0.102795885152511,0.5131964809384164,0.49233347297863433,0.05164600096589731,0.0271374762542973,0.02930026609749946,-0.1544418861184083,-0.05114988418661368,0.4860590046841191,0.5403339571927137,0.46303320688113486,0.5216337390761338,PoliStance_Affect_QT
large_nli,0.685862958132342,0.8201320132013201,0.8164768320452194,0.013600802855996514,0.008945164635372064,0.009262138193478268,0.6722621552763455,0.6994637609883385,0.811186848565948,0.8290771778366922,0.807214693851741,0.8257389702386977,acled_event_entailment
large_nli,0.8444327102255456,0.9187056037884768,0.9177601905319307,0.014044388774856705,0.007839978524468195,0.008015718642626459,0.8303883214506889,0.8584770990004023,0.9108656252640086,0.9265455823129449,0.9097444718893042,0.9257759091745572,argument_quality_ranking_entailment
large_nli,0.8899003244622256,0.942542077771329,0.9425286068293834,0.010353357481494917,0.005625837078140165,0.00562833410452809,0.8795469669807306,0.9002536819437205,0.9369162406931889,0.9481679148494692,0.9369002727248553,0.9481569409339116,bill_summary_entailment
large_nli,0.552654401223004,0.7764705882352941,0.7794310092976884,0.05030815707154527,0.02544760967437172,0.024870675524421574,0.5023462441514588,0.6029625582945493,0.7510229785609224,0.8019181979096659,0.7545603337732668,0.80430168482211,dehumanizing_hatespeech_entailment
large_nli,0.8992458756192553,0.9520403870424905,0.9515284622583646,0.00907295484942198,0.0044418071319405625,0.0045355873825847475,0.8901729207698333,0.9083188304686772,0.94759857991055,0.956482194174431,0.9469928748757799,0.9560640496409494,dem_rep_party_platform_topics
large_nli,0.41307979935470174,0.7214076246334311,0.6623260993509607,0.0370898498245324,0.0234946229645143,0.030929055181924084,0.37598994953016934,0.45016964917923413,0.6979130016689168,0.7449022475979454,0.6313970441690365,0.6932551545328848,ibm_claimstance_entailment
large_nli,0.8853932021919275,0.9484029484029484,0.9471860523785035,0.023423287201531952,0.011118678352245115,0.011635436724586312,0.8619699149903955,0.9088164893934595,0.9372842700507032,0.9595216267551935,0.9355506156539172,0.9588214891030898,ibm_claimstance_topic_entailment
large_nli,0.27509212216215073,0.7631578947368421,0.8436510857563488,0.17595952187711317,0.06700973592800731,0.04661188322287608,0.09913260028503756,0.4510516440392639,0.6961481588088348,0.8301676306648494,0.7970392025334727,0.890262968979225,polistance_issue_tweets
large_nli,0.8039148428456959,0.9082217973231358,0.9078849544089355,0.01924464282863005,0.009125580092723214,0.009187023946982268,0.7846702000170659,0.823159485674326,0.8990962172304126,0.917347377415859,0.8986979304619532,0.9170719783559177,scad_event_entailment
large_nli,0.14089964688979642,0.9226361031518625,0.9059505198249826,0.04832125533412925,0.007027535196205024,0.009233133592319738,0.09257839155566716,0.18922090222392568,0.9156085679556575,0.9296636383480675,0.896717386232663,0.9151836534173023,targeted_hatespeech_entailment
large_nli,0.5478739280703945,0.7986676535899334,0.7923362864620198,0.023539914709498316,0.010830019184328316,0.011431181603358558,0.5243340133608961,0.5714138427798928,0.7878376344056051,0.8094976727742618,0.7809051048586613,0.8037674680653784,violent_hatespeech_entailment
base_debate,0.9526185416176138,0.9773785761809713,0.9773617357708958,0.00567695246061645,0.0027148788644681854,0.002719560082278535,0.9469415891569973,0.9582954940782303,0.9746636973165032,0.9800934550454395,0.9746421756886172,0.9800812958531744,PoliStance_Affect
base_debate,0.6748092723004695,0.8475073313782991,0.8475073313782991,0.04060172627997408,0.018961806081397095,0.018924089727271436,0.6342075460204954,0.7154109985804435,0.8285455252969021,0.8664691374596962,0.8285832416510277,0.8664314211055706,PoliStance_Affect_QT
base_debate,0.7820386291940349,0.8833883388338833,0.882955807717356,0.013509542938375545,0.007661773787184363,0.007723222933826952,0.7685290862556593,0.7955481721324105,0.875726565046699,0.8910501126210677,0.875232584783529,0.890679030651183,acled_event_entailment
base_debate,0.9651922549364212,0.9826361483820047,0.9826218947081707,0.0071016764785011245,0.0035647208372421666,0.003570906334325067,0.9580905784579201,0.9722939314149224,0.9790714275447626,0.9862008692192469,0.9790509883738456,0.9861928010424958,argument_quality_ranking_entailment
base_debate,0.9048017059130261,0.9518282066163668,0.9518533360586012,0.010017175011991118,0.005116456034670689,0.005110251564578061,0.894784530901035,0.9148188809250172,0.9467117505816961,0.9569446626510375,0.9467430844940232,0.9569635876231792,bill_summary_entailment
base_debate,0.8620783996729173,0.9294117647058824,0.930218487394958,0.029898447142130267,0.015998384674323223,0.015635421424815523,0.832179952530787,0.8919768468150476,0.9134133800315591,0.9454101493802056,0.9145830659701425,0.9458539088197736,dehumanizing_hatespeech_entailment
base_debate,0.9440168459476604,0.9734960033655868,0.973526109908577,0.006767395040666803,0.0032151914149983587,0.003209139016647712,0.9372494509069936,0.9507842409883273,0.9702808119505885,0.9767111947805852,0.9703169708919293,0.9767352489252248,dem_rep_party_platform_topics
base_debate,0.9624363992806682,0.9824046920821115,0.9824328544154113,0.015295350054461716,0.007184905737749819,0.0071598185217298755,0.9471410492262065,0.9777317493351299,0.9752197863443617,0.9895895978198612,0.9752730358936814,0.9895926729371411,ibm_claimstance_entailment
base_debate,0.9445806100217865,0.9754299754299754,0.9754299754299754,0.017227965969764055,0.007645465248493064,0.007648038094525305,0.9273526440520224,0.9618085759915506,0.9677845101814824,0.9830754406784685,0.9677819373354501,0.9830780135245007,ibm_claimstance_topic_entailment
base_debate,0.6974858324629157,0.9736842105263158,0.977889930305215,0.4056742407275619,0.026323669872718503,0.01849689759097748,0.2918115917353538,1.1031600731904776,0.9473605406535973,1.0000078803990342,0.9593930327142375,0.9963868278961925,polistance_issue_tweets
base_debate,0.7313420964670032,0.869980879541109,0.871042543604685,0.021426125156004422,0.010440723732391625,0.010282402111184825,0.7099159713109988,0.7527682216230076,0.8595401558087175,0.8804216032735006,0.8607601414935002,0.8813249457158698,scad_event_entailment
base_debate,0.6561582719506096,0.9627507163323782,0.9585345824232315,0.04342371069045862,0.005001581787298684,0.00596602331237502,0.612734561260151,0.6995819826410682,0.9577491345450795,0.9677522981196769,0.9525685591108565,0.9645006057356066,targeted_hatespeech_entailment
base_debate,0.8740961888200812,0.9422649888971133,0.9422381543339199,0.014179727809229365,0.006496002445862828,0.006509114841628377,0.8599164610108518,0.8882759166293106,0.9357689864512505,0.9487609913429761,0.9357290394922915,0.9487472691755483,violent_hatespeech_entailment
large_debate,0.9679594249354807,0.9846972721224219,0.9846904835146313,0.004640038651386977,0.002213478361364584,0.002215250082691633,0.9633193862840937,0.9725994635868677,0.9824837937610573,0.9869107504837864,0.9824752334319397,0.9869057335973229,PoliStance_Affect
large_debate,0.8810120833772171,0.9442815249266863,0.9442375171307887,0.027268517652675916,0.01282322272201183,0.012846537640498201,0.8537435657245412,0.908280601029893,0.9314583022046744,0.9571047476486981,0.9313909794902906,0.9570840547712869,PoliStance_Affect_QT
large_debate,0.8901831729864225,0.9444444444444444,0.9444848319940178,0.010281614167220282,0.005255394180735382,0.005250087774479401,0.8799015588192022,0.9004647871536428,0.939189050263709,0.9496998386251798,0.9392347442195383,0.9497349197684972,acled_event_entailment
large_debate,0.9857318645642784,0.9928966061562746,0.9928943346878866,0.004766889075739348,0.0023782725430513815,0.0023798873911951846,0.9809649754885391,0.9904987536400177,0.9905183336132233,0.995274878699326,0.9905144472966914,0.9952742220790818,argument_quality_ranking_entailment
large_debate,0.8778431115634986,0.9355774811375508,0.9355238274119415,0.010484730113004355,0.005819414828310103,0.005828351606843742,0.8673583814504943,0.8883278416765029,0.9297580663092407,0.9413968959658608,0.9296954758050978,0.9413521790187852,bill_summary_entailment
large_debate,0.853059817679212,0.9294117647058824,0.9297874762808348,0.03278360395175747,0.015746343319983473,0.015580422130527178,0.8202762137274545,0.8858434216309695,0.9136654213858989,0.9451581080258659,0.9142070541503077,0.9453678984113619,dehumanizing_hatespeech_entailment
large_debate,0.9535938608607138,0.9781236853176273,0.9780806209278731,0.006325054287853738,0.002981095884072306,0.0029934012284820156,0.9472688065728601,0.9599189151485676,0.9751425894335549,0.9811047812016996,0.975087219699391,0.9810740221563551,dem_rep_party_platform_topics
large_debate,0.9937155556426401,0.9970674486803519,0.9970650089763489,0.006551708829078236,0.0030727484873314575,0.0030809221460740065,0.987163846813562,1.0002672644717183,0.9939947001930205,1.0001401971676833,0.9939840868302748,1.0001459311224228,ibm_claimstance_entailment
large_debate,0.9669188457965409,0.9852579852579852,0.9851708733526915,0.012835515236612546,0.0058566940403432235,0.00592959774202469,0.9540833305599283,0.9797543610331534,0.9794012912176421,0.9911146792983284,0.9792412756106668,0.9911004710947162,ibm_claimstance_topic_entailment
large_debate,1.0,1.0,1.0,0.4851381246614206,0.0,0.0,0.5148618753385794,1.4851381246614206,1.0,1.0,1.0,1.0,polistance_issue_tweets
large_debate,0.6872565949462315,0.8479923518164436,0.8493991137610094,0.021593137189721185,0.010642292832518298,0.01046524864520093,0.6656634577565103,0.7088497321359527,0.8373500589839253,0.8586346446489619,0.8389338651158085,0.8598643624062103,scad_event_entailment
large_debate,0.7884562102834607,0.9749283667621776,0.9741930927712019,0.0364491900031018,0.004365853741739643,0.004599373595319786,0.7520070202803589,0.8249054002865625,0.9705625130204381,0.9792942205039172,0.9695937191758821,0.9787924663665217,targeted_hatespeech_entailment
large_debate,0.8897874146320224,0.9496669133974833,0.9493671539569013,0.012671834725478183,0.005850499105448294,0.00592221584015874,0.8771155799065442,0.9024592493575005,0.943816414292035,0.9555174125029317,0.9434449381167426,0.95528936979706,violent_hatespeech_entailment
base_modern,0.9254859289144661,0.9644045242847638,0.9643966694410476,0.007281257141756708,0.00348974811683544,0.003491224708153236,0.9182046717727094,0.9327671860562229,0.9609147761679283,0.9678942724015992,0.9609054447328944,0.9678878941492008,PoliStance_Affect
base_modern,0.3806912030727252,0.7067448680351907,0.7080080717115929,0.050397263759970536,0.024186469950026712,0.023938565820370017,0.33029393931275464,0.43108846683269575,0.6825583980851639,0.7309313379852174,0.6840695058912228,0.7319466375319629,PoliStance_Affect_QT
base_modern,0.836673137030807,0.9185918591859186,0.9185530908143691,0.012561828850124536,0.006252775527666723,0.006258288372624311,0.8241113081806825,0.8492349658809316,0.9123390836582519,0.9248446347135852,0.9122948024417448,0.9248113791869934,acled_event_entailment
base_modern,0.9287839819628325,0.9644830307813733,0.9645040578794836,0.010147809831531598,0.005065415121307474,0.00505940274728205,0.9186361721313009,0.9389317917943641,0.9594176156600659,0.9695484459026807,0.9594446551322016,0.9695634606267656,argument_quality_ranking_entailment
base_modern,0.8904005730961878,0.9442832269297736,0.9443085689136276,0.010506428171401383,0.005422016354041251,0.005418311891162606,0.8798941449247865,0.9009070012675892,0.9388612105757324,0.9497052432838149,0.938890257022465,0.9497268808047902,bill_summary_entailment
base_modern,0.8003392927052069,0.9058823529411765,0.9058823529411765,0.03690703019205682,0.01752550730741226,0.017529135264375453,0.76343226251315,0.8372463228972638,0.8883568456337642,0.9234078602485888,0.888353217676801,0.923411488205552,dehumanizing_hatespeech_entailment
base_modern,0.9340654317431061,0.9688683214135465,0.9688748681937317,0.007441801953961482,0.0035152071651358753,0.0035143984817367613,0.9266236297891446,0.9415072336970676,0.9653531142484106,0.9723835285786824,0.965360469711995,0.9723892666754684,dem_rep_party_platform_topics
base_modern,0.9244739756367664,0.9648093841642229,0.9648093841642229,0.021392489865248776,0.009974809820372821,0.009975681306354862,0.9030814857715176,0.9458664655020151,0.9548345743438501,0.9747841939845957,0.9548337028578681,0.9747850654705777,ibm_claimstance_entailment
base_modern,0.9289707226868887,0.9680589680589681,0.9682011915778149,0.018717469114141187,0.008432964694575384,0.008358748903549843,0.9102532535727476,0.9476881918010299,0.9596260033643926,0.9764919327535435,0.9598424426742651,0.9765599404813647,ibm_claimstance_topic_entailment
base_modern,0.5615294429638711,0.9473684210526315,0.9597953216374269,0.3652837593156224,0.03717354672582757,0.024829851556031943,0.19624568364824868,0.9268132022794935,0.9101948743268039,0.9845419677784591,0.934965470081395,0.9846251731934588,polistance_issue_tweets
base_modern,0.7218562827920233,0.869980879541109,0.8694308660274327,0.021992986961572987,0.01032694971329435,0.010435752099317758,0.6998632958304503,0.7438492697535963,0.8596539298278146,0.8803078292544034,0.8589951139281149,0.8798666181267505,scad_event_entailment
base_modern,0.6944969226746908,0.9656160458452722,0.9632259712401781,0.042177441565147036,0.004824926433315229,0.005444596434211832,0.6523194811095437,0.7366743642398378,0.9607911194119569,0.9704409722785874,0.9577813748059663,0.9686705676743899,targeted_hatespeech_entailment
base_modern,0.8386728873092713,0.923019985196151,0.9237778077008978,0.014762170723225857,0.007105417424684267,0.006980971793595816,0.8239107165860454,0.8534350580324971,0.9159145677714667,0.9301254026208353,0.916796835907302,0.9307587794944936,violent_hatespeech_entailment
large_modern,0.946347741862945,0.9743845642049235,0.9743674311274193,0.006055635249287006,0.0028889292653995883,0.0028937657529784786,0.940292106613658,0.952403377112232,0.9714956349395238,0.9772734934703231,0.9714736653744408,0.9772611968803978,PoliStance_Affect
large_modern,0.5622432511737089,0.7947214076246334,0.7947214076246334,0.047899565603235154,0.022561082091950797,0.022655658192136448,0.5143436855704737,0.610142816776944,0.7721603255326825,0.8172824897165842,0.772065749432497,0.8173770658167698,PoliStance_Affect_QT
large_modern,0.907401476085561,0.9537953795379538,0.9537660706138689,0.00996672578978419,0.004981683900472317,0.004987555372868399,0.8974347502957768,0.9173682018753452,0.9488136956374815,0.9587770634384261,0.9487785152410004,0.9587536259867373,acled_event_entailment
large_modern,0.9761987374500192,0.9881610102604578,0.988157224479811,0.006066988606412512,0.0030194736727567,0.0030215377517770845,0.9701317488436066,0.9822657260564317,0.9851415365877011,0.9911804839332145,0.985135686728034,0.9911787622315881,argument_quality_ranking_entailment
large_modern,0.9057270096564604,0.9518282066163668,0.9518485578437429,0.010477591522745841,0.005451559239532687,0.005445783300068694,0.8952494181337145,0.9162046011792062,0.9463766473768341,0.9572797658558995,0.9464027745436742,0.9572943411438116,bill_summary_entailment
large_modern,0.8544365938763483,0.9294117647058824,0.9298928212148946,0.032637449391014685,0.01604775457062261,0.015853344873119166,0.8217991444853336,0.8870740432673629,0.9133640101352598,0.945459519276505,0.9140394763417754,0.9457461660880138,dehumanizing_hatespeech_entailment
large_modern,0.9510635937582457,0.976861590239798,0.9768784512787074,0.0065451680524256555,0.003070707382328099,0.003066589115199835,0.94451842570582,0.9576087618106713,0.97379088285747,0.9799322976221261,0.9738118621635076,0.9799450403939073,dem_rep_party_platform_topics
large_modern,0.9748194191016188,0.9882697947214076,0.988250027153253,0.012466438499286355,0.005816762668659955,0.005840422289623121,0.9623529806023325,0.9872858576009051,0.9824530320527477,0.9940865573900676,0.9824096048636299,0.9940904494428762,ibm_claimstance_entailment
large_modern,0.9669309205570065,0.9852579852579852,0.9852849845524037,0.013373064335581355,0.005928253573080835,0.005906817573412729,0.9535578562214251,0.9803039848925879,0.9793297316849044,0.991186238831066,0.9793781669789909,0.9911918021258164,ibm_claimstance_topic_entailment
large_modern,0.6974858324629157,0.9736842105263158,0.977889930305215,0.4101846777141923,0.026091133166593172,0.018153828389358775,0.2873011547487234,1.107670510177108,0.9475930773597226,0.999775343692909,0.9597361019158562,0.9960437586945737,polistance_issue_tweets
large_modern,0.7847863724183944,0.8967495219885278,0.8973759303955461,0.01934543831088043,0.009283524489297985,0.009159375029713451,0.765440934107514,0.8041318107292749,0.8874659974992297,0.9060330464778258,0.8882165553658327,0.9065353054252595,scad_event_entailment
large_modern,0.6975023999640967,0.9627507163323782,0.9625625572741079,0.04060306497059349,0.00498927429818326,0.005052112222102663,0.6568993349935032,0.7381054649346902,0.9577614420341949,0.9677399906305615,0.9575104450520052,0.9676146694962106,targeted_hatespeech_entailment
large_modern,0.8837814982483412,0.9467061435973353,0.9466813732313109,0.013502278160619694,0.0061866441126539025,0.006191922390792628,0.8702792200877215,0.8972837764089608,0.9405194994846814,0.9528927877099892,0.9404894508405183,0.9528732956221034,violent_hatespeech_entailment
llama,0.5299003634301015,0.7528276779773786,0.7553860743852797,0.014841239108960947,0.007901806849341568,0.00778299547079459,0.5150591243211405,0.5447416025390625,0.744925871128037,0.7607294848267202,0.7476030789144851,0.7631690698560744,PoliStance_Affect
llama,0.09765674863521515,0.5454545454545454,0.5525889602066125,0.05699009940926376,0.028296558162780445,0.027897645438336165,0.04066664922595139,0.1546468480444789,0.517157987291765,0.5737511036173258,0.5246913147682764,0.5804866056449487,PoliStance_Affect_QT
llama,0.8225016605719215,0.9114411441144115,0.911462657998623,0.013450507476648698,0.006713979035536437,0.0067102270051158,0.8090511530952729,0.8359521680485702,0.9047271650788751,0.9181551231499478,0.9047524309935072,0.9181728850037388,acled_event_entailment
llama,0.9392811748893878,0.9692186266771902,0.9692565489583624,0.009499274032879394,0.0048903124096747195,0.004877864399673863,0.9297819008565084,0.9487804489222672,0.9643283142675154,0.9741089390868649,0.9643786845586886,0.9741344133580363,argument_quality_ranking_entailment
llama,0.8914819637987005,0.9454439930354034,0.9453501388146104,0.010635262792497232,0.005384550620505786,0.005403359776649104,0.8808467010062032,0.9021172265911978,0.9400594424148976,0.9508285436559092,0.9399467790379613,0.9507534985912595,bill_summary_entailment
llama,0.753412548689553,0.8705882352941177,0.8724158269436854,0.03874801976333041,0.02139276467927503,0.0208829767775625,0.7146645289262226,0.7921605684528834,0.8491954706148427,0.8919809999733926,0.8515328501661229,0.8932988037212478,dehumanizing_hatespeech_entailment
llama,0.9323050506019391,0.9667648296171645,0.9669743809544554,0.007099864121864328,0.0035753222517581973,0.003530645633523046,0.9252051864800748,0.9394049147238035,0.9631895073654063,0.9703401518689226,0.9634437353209324,0.9705050265879784,dem_rep_party_platform_topics
llama,0.6013172665545111,0.8181818181818182,0.8123759428344581,0.043574331570926036,0.020421861020240933,0.021548367969428297,0.5577429349835851,0.6448915981254372,0.7977599571615773,0.8386036792020591,0.7908275748650299,0.8339243108038864,ibm_claimstance_entailment
llama,0.9446983128155173,0.9754299754299754,0.9752329042073483,0.01667566972733209,0.007520187361282643,0.007647512353185259,0.9280226430881852,0.9613739825428494,0.9679097880686928,0.9829501627912581,0.967585391854163,0.9828804165605336,ibm_claimstance_topic_entailment
llama,0.27509212216215073,0.7631578947368421,0.8436510857563488,0.17581122483023987,0.07121306935203253,0.05076901524568745,0.09928089733191087,0.4509033469923906,0.6919448253848096,0.8343709640888747,0.7928820705106614,0.8944201010020363,polistance_issue_tweets
llama,0.7780339010884529,0.8957934990439771,0.8937808887018694,0.019253598494656923,0.009248903344413285,0.009581692156190006,0.758780302593796,0.7972874995831098,0.8865445956995638,0.9050424023883904,0.8841991965456795,0.9033625808580594,scad_event_entailment
llama,0.311476830317595,0.7643266475644699,0.8214021319122712,0.028837918502080295,0.01140980074269795,0.008650983118412217,0.2826389118155147,0.3403147488196753,0.752916846821772,0.7757364483071678,0.812751148793859,0.8300531150306834,targeted_hatespeech_entailment
llama,0.6057132563940675,0.7838638045891931,0.7882671274577399,0.019823147554989994,0.01173278524878655,0.01136873786683837,0.5858901088390774,0.6255364039490575,0.7721310193404066,0.7955965898379797,0.7768983895909015,0.7996358653245782,violent_hatespeech_entailment
sonnet,0.7822429948950972,0.896540252827678,0.8956595700865576,0.011322278169053946,0.005440752043148269,0.005534623128237409,0.7709207167260432,0.7935652730641511,0.8910995007845297,0.9019810048708263,0.8901249469583202,0.901194193214795,PoliStance_Affect
sonnet,0.29445449322146716,0.6744868035190615,0.6712762124250171,0.052391127004089114,0.025425875275254233,0.02591892568899767,0.24206336621737806,0.34684562022555626,0.6490609282438073,0.6999126787943157,0.6453572867360194,0.6971951381140148,PoliStance_Affect_QT
sonnet,0.704422516468363,0.8305830583058306,0.8274379418139834,0.01329321118253519,0.008783294431945967,0.009103169713021563,0.6911293052858277,0.7177157276508982,0.8217997638738846,0.8393663527377765,0.8183347721009618,0.836541111527005,acled_event_entailment
sonnet,0.9455111987640831,0.9723756906077348,0.9723010814992024,0.008539802042950444,0.004442985588286913,0.004466262835839299,0.9369713967211326,0.9540510008070335,0.9679327050194478,0.9768186761960217,0.9678348186633631,0.9767673443350416,argument_quality_ranking_entailment
sonnet,0.9353070421345483,0.967498549042368,0.9675130150562601,0.00824509372617839,0.004169380721238463,0.004165388192102334,0.9270619484083699,0.9435521358607267,0.9633291683211295,0.9716679297636065,0.9633476268641578,0.9716784032483624,bill_summary_entailment
sonnet,0.6799052904826203,0.8509803921568627,0.8492165230989701,0.04751813738057938,0.022305686204702788,0.02278445540602276,0.6323871531020409,0.7274234278631997,0.82867470595216,0.8732860783615655,0.8264320676929473,0.8720009785049929,dehumanizing_hatespeech_entailment
sonnet,0.9527638910161714,0.9777029869583509,0.9776359953561258,0.00621219492333564,0.0029544540542035913,0.0029720786017522253,0.9465516960928357,0.9589760859395071,0.9747485329041473,0.9806574410125545,0.9746639167543736,0.980608073957878,dem_rep_party_platform_topics
sonnet,0.7409060662066407,0.873900293255132,0.8666601187051873,0.03233532537712781,0.017597931378223564,0.019607632319995936,0.7085707408295129,0.7732413915837685,0.8563023618769084,0.8914982246333555,0.8470524863851914,0.8862677510251833,ibm_claimstance_entailment
sonnet,0.9504946580066453,0.9778869778869779,0.977685662102947,0.015444078288093596,0.0070161042064343735,0.007149006674471736,0.9350505797185518,0.9659387362947389,0.9708708736805435,0.9849030820934123,0.9705366554284753,0.9848346687774188,ibm_claimstance_topic_entailment
sonnet,0.4793012932694108,0.9210526315789473,0.9430689399555227,0.3044374939197045,0.044549577101748096,0.029631640596750518,0.1748637993497063,0.7837387871891153,0.8765030544771992,0.9656022086806955,0.9134372993587722,0.9727005805522732,polistance_issue_tweets
sonnet,0.9349434435180707,0.9684512428298279,0.9686246334121105,0.010651779715510921,0.005271034997357715,0.005215798927923139,0.9242916638025598,0.9455952232335816,0.9631802078324702,0.9737222778271856,0.9634088344841873,0.9738404323400336,scad_event_entailment
sonnet,0.4329408965857283,0.9426934097421203,0.9342906767523017,0.050920384269970906,0.00608544314464288,0.007488364750276618,0.3820205123157574,0.48386128085569924,0.9366079665974775,0.9487788528867632,0.9268023120020251,0.9417790415025783,targeted_hatespeech_entailment
sonnet,0.506344607842136,0.7816432272390822,0.771333456919816,0.025240176226495242,0.011603735039212701,0.012591990055175108,0.48110443161564076,0.5315847840686312,0.7700394921998694,0.7932469622782949,0.758741466864641,0.7839254469749911,violent_hatespeech_entailment
